{"cameraMode":{"drawMode":0,"name":"Shaded","section":"Shading Mode"},"sceneLighting":true,"audioPlay":false,"sceneViewState":{"m_AlwaysRefresh":false,"showFog":true,"showSkybox":true,"showFlares":true,"showImageEffects":true,"showParticleSystems":true,"showVisualEffectGraphs":true,"m_FxEnabled":true},"in2DMode":false,"pivot":{"x":239.49380493164063,"y":-192.80191040039063,"z":-10.318496704101563},"rotation":{"x":0.37893468141555788,"y":-0.02775665745139122,"z":0.011379800736904145,"w":0.9249905347824097},"size":352.1971130371094,"orthographic":false}