{"cameraMode":{"drawMode":0,"name":"Shaded","section":"Shading Mode"},"sceneLighting":false,"audioPlay":false,"sceneViewState":{"m_AlwaysRefresh":false,"showFog":true,"showSkybox":false,"showFlares":true,"showImageEffects":true,"showParticleSystems":true,"showVisualEffectGraphs":true,"m_FxEnabled":true},"in2DMode":false,"pivot":{"x":1.3351174592971802,"y":-0.038233011960983279,"z":0.0826461911201477},"rotation":{"x":0.24370941519737245,"y":-0.030548807233572007,"z":0.007677947636693716,"w":0.9693493247032166},"size":14.132978439331055,"orthographic":true}